{
  "Specs": {
    "TLAR": {
      "EIS": 2016,
      "Class": "Turbofan",
      "MaxPax": 185.1157894736842
    },
    "Performance": {
      "Vels": {
        "Tko": 69.45000000000007,
        "Crs": 0.747,
        "Type": "TAS"
      },
      "Alts": {
        "Tko": 0,
        "Crs": 7829
      },
      "Range": 926000,
      "RCMax": 10.160000000000002
    },
    "Aero": {
      "L_D": {
        "Clb": 16,
        "Crs": 18.6,
        "Des": 16
      },
      "W_S": {
        "SLS": 871.8152866242038
      }
    },
    "Weight": {
      "MTOW": 109500,
      "EG": "NaN",
      "EM": "NaN",
      "Fuel": 0,
      "Batt": 36000,
      "WairfCF": 0.87
    },
    "Propulsion": {
      "PropArch": "O",
      "PropArchGraph": {
        "Arch": [
          [
            0,
            1,
            1,
            1,
            1,
            0,
            0,
            0,
            0,
            0
          ],
          [
            0,
            0,
            0,
            0,
            0,
            1,
            0,
            0,
            0,
            0
          ],
          [
            0,
            0,
            0,
            0,
            0,
            0,
            1,
            0,
            0,
            0
          ],
          [
            0,
            0,
            0,
            0,
            0,
            0,
            0,
            1,
            0,
            0
          ],
          [
            0,
            0,
            0,
            0,
            0,
            0,
            0,
            0,
            1,
            0
          ],
          [
            0,
            0,
            0,
            0,
            0,
            0,
            0,
            0,
            0,
            1
          ],
          [
            0,
            0,
            0,
            0,
            0,
            0,
            0,
            0,
            0,
            1
          ],
          [
            0,
            0,
            0,
            0,
            0,
            0,
            0,
            0,
            0,
            1
          ],
          [
            0,
            0,
            0,
            0,
            0,
            0,
            0,
            0,
            0,
            1
          ],
          [
            0,
            0,
            0,
            0,
            0,
            0,
            0,
            0,
            0,
            0
          ]
        ],
        "OperUps": {
          "_matlab_expression": "@()[0,1,1,1,1,0,0,0,0,0;0,0,0,0,0,1,0,0,0,0;0,0,0,0,0,0,1,0,0,0;0,0,0,0,0,0,0,1,0,0;0,0,0,0,0,0,0,0,1,0;0,0,0,0,0,0,0,0,0,1;0,0,0,0,0,0,0,0,0,1;0,0,0,0,0,0,0,0,0,1;0,0,0,0,0,0,0,0,0,1;0,0,0,0,0,0,0,0,0,0]"
        },
        "OperDwn": {
          "_matlab_expression": "@()[0,0,0,0,0,0,0,0,0,0;1,0,0,0,0,0,0,0,0,0;1,0,0,0,0,0,0,0,0,0;1,0,0,0,0,0,0,0,0,0;1,0,0,0,0,0,0,0,0,0;0,1,0,0,0,0,0,0,0,0;0,0,1,0,0,0,0,0,0,0;0,0,0,1,0,0,0,0,0,0;0,0,0,0,1,0,0,0,0,0;0,0,0,0,0,0.25,0.25,0.25,0.25,0]"
        },
        "EtaUps": [
          [
            1,
            1,
            1,
            1,
            1,
            1,
            1,
            1,
            1,
            1
          ],
          [
            1,
            1,
            1,
            1,
            1,
            0.661,
            1,
            1,
            1,
            1
          ],
          [
            1,
            1,
            1,
            1,
            1,
            1,
            0.661,
            1,
            1,
            1
          ],
          [
            1,
            1,
            1,
            1,
            1,
            1,
            1,
            0.661,
            1,
            1
          ],
          [
            1,
            1,
            1,
            1,
            1,
            1,
            1,
            1,
            0.661,
            1
          ],
          [
            1,
            1,
            1,
            1,
            1,
            1,
            1,
            1,
            1,
            1
          ],
          [
            1,
            1,
            1,
            1,
            1,
            1,
            1,
            1,
            1,
            1
          ],
          [
            1,
            1,
            1,
            1,
            1,
            1,
            1,
            1,
            1,
            1
          ],
          [
            1,
            1,
            1,
            1,
            1,
            1,
            1,
            1,
            1,
            1
          ],
          [
            1,
            1,
            1,
            1,
            1,
            1,
            1,
            1,
            1,
            1
          ]
        ],
        "EtaDwn": [
          [
            1,
            1,
            1,
            1,
            1,
            1,
            1,
            1,
            1,
            1
          ],
          [
            1,
            1,
            1,
            1,
            1,
            1,
            1,
            1,
            1,
            1
          ],
          [
            1,
            1,
            1,
            1,
            1,
            1,
            1,
            1,
            1,
            1
          ],
          [
            1,
            1,
            1,
            1,
            1,
            1,
            1,
            1,
            1,
            1
          ],
          [
            1,
            1,
            1,
            1,
            1,
            1,
            1,
            1,
            1,
            1
          ],
          [
            1,
            0.661,
            1,
            1,
            1,
            1,
            1,
            1,
            1,
            1
          ],
          [
            1,
            1,
            0.661,
            1,
            1,
            1,
            1,
            1,
            1,
            1
          ],
          [
            1,
            1,
            1,
            0.661,
            1,
            1,
            1,
            1,
            1,
            1
          ],
          [
            1,
            1,
            1,
            1,
            0.661,
            1,
            1,
            1,
            1,
            1
          ],
          [
            1,
            1,
            1,
            1,
            1,
            1,
            1,
            1,
            1,
            1
          ]
        ],
        "SrcType": 0,
        "TrnType": {
          "_matlab_row": [
            0,
            0,
            0,
            0,
            2,
            2,
            2,
            2
          ]
        }
      },
      "Engine": "NaN",
      "NumEngines": 4,
      "T_W": {
        "SLS": 0.3
      },
      "Thrust": {
        "SLS": "NaN"
      },
      "Eta": {
        "Prop": 0.8
      }
    },
    "Power": {
      "SpecEnergy": {
        "Fuel": 12,
        "Batt": 0.5599999999999999
      },
      "Eta": {
        "EM": "NaN",
        "EG": "NaN"
      },
      "P_W": {
        "SLS": "NaN",
        "EM": "NaN",
        "EG": "NaN"
      },
      "Battery": {
        "ParCells": "NaN",
        "SerCells": "NaN",
        "BegSOC": 100
      }
    }
  },
  "Settings": {
    "TkoPoints": "NaN",
    "ClbPoints": "NaN",
    "CrsPoints": "NaN",
    "DesPoints": "NaN",
    "OEW": {
      "MaxIter": 50,
      "Tol": 0.001
    },
    "Analysis": {
      "MaxIter": 50,
      "Type": 1
    },
    "Plotting": 0,
    "Table": 0,
    "VisualizeAircraft": 0,
    "Offtake": 0
  }
}
