{
  "Target": {
    "Valu": [
      2098933.333333333,
      2098933.333333333,
      2098933.333333333,
      370400,
      30
    ],
    "Type": [
      "Dist",
      "Dist",
      "Dist",
      "Dist",
      "Time"
    ]
  },
  "Segs": [
    "Takeoff",
    "Climb",
    "Climb",
    "Cruise",
    "Climb",
    "Cruise",
    "Climb",
    "Cruise",
    "Descent",
    "Climb",
    "Cruise",
    "Descent",
    "Cruise",
    "Descent",
    "Landing"
  ],
  "ID": [
    1,
    1,
    1,
    1,
    2,
    2,
    3,
    3,
    3,
    4,
    4,
    4,
    5,
    5,
    5
  ],
  "AltBeg": [
    0,
    0,
    3048,
    10668,
    10668,
    11277.6,
    11277.6,
    11887.2,
    11887.2,
    457.20000000000005,
    4572,
    4572,
    457.20000000000005,
    457.20000000000005,
    0
  ],
  "AltEnd": [
    0,
    3048,
    10668,
    10668,
    11277.6,
    11277.6,
    11887.2,
    11887.2,
    457.20000000000005,
    4572,
    4572,
    457.20000000000005,
    457.20000000000005,
    0,
    0
  ],
  "ClbRate": [
    "NaN",
    "NaN",
    "NaN",
    "NaN",
    "NaN",
    "NaN",
    "NaN",
    "NaN",
    "NaN",
    "NaN",
    "NaN",
    "NaN",
    "NaN",
    "NaN",
    "NaN"
  ],
  "VelBeg": [
    0,
    0.3,
    128.61111111111126,
    0.78,
    0.78,
    0.78,
    0.78,
    0.78,
    0.78,
    0.3,
    0.3,
    0.3,
    0.3,
    0.3,
    0.3
  ],
  "VelEnd": [
    0.3,
    128.61111111111126,
    0.78,
    0.78,
    0.78,
    0.78,
    0.78,
    0.78,
    0.3,
    0.3,
    0.3,
    0.3,
    0.3,
    0.3,
    0
  ],
  "TypeBeg": [
    "Mach",
    "Mach",
    "TAS",
    "Mach",
    "Mach",
    "Mach",
    "Mach",
    "Mach",
    "Mach",
    "Mach",
    "Mach",
    "Mach",
    "Mach",
    "Mach",
    "Mach"
  ],
  "TypeEnd": [
    "Mach",
    "TAS",
    "Mach",
    "Mach",
    "Mach",
    "Mach",
    "Mach",
    "Mach",
    "Mach",
    "Mach",
    "Mach",
    "Mach",
    "Mach",
    "Mach",
    "Mach"
  ]
}
