{
  "Target": {
    "Valu": [
      1301956,
      277800,
      45
    ],
    "Type": [
      "Dist",
      "Dist",
      "Time"
    ]
  },
  "Segs": [
    "Takeoff",
    "Climb",
    "Cruise",
    "Descent",
    "Descent",
    "Climb",
    "Cruise",
    "Cruise",
    "Descent",
    "Descent",
    "Landing"
  ],
  "ID": [
    1,
    1,
    1,
    1,
    1,
    2,
    2,
    3,
    3,
    3,
    3
  ],
  "AltBeg": [
    0,
    0,
    7620,
    7620,
    914.4000000000001,
    457.20000000000005,
    4572,
    4572,
    4572,
    914.4000000000001,
    457.20000000000005
  ],
  "AltEnd": [
    0,
    7620,
    7620,
    914.4000000000001,
    457.20000000000005,
    4572,
    4572,
    4572,
    914.4000000000001,
    457.20000000000005,
    0
  ],
  "ClbRate": [
    "NaN",
    "NaN",
    "NaN",
    -6.096,
    "NaN",
    "NaN",
    "NaN",
    "NaN",
    -6.096,
    "NaN",
    "NaN"
  ],
  "VelBeg": [
    0,
    82.3111111111112,
    102.88888888888901,
    102.88888888888901,
    102.88888888888901,
    82.3111111111112,
    102.88888888888901,
    102.88888888888901,
    102.88888888888901,
    102.88888888888901,
    82.3111111111112
  ],
  "VelEnd": [
    82.3111111111112,
    102.88888888888901,
    102.88888888888901,
    102.88888888888901,
    82.3111111111112,
    102.88888888888901,
    102.88888888888901,
    102.88888888888901,
    102.88888888888901,
    82.3111111111112,
    0
  ],
  "TypeBeg": [
    "TAS",
    "EAS",
    "EAS",
    "EAS",
    "EAS",
    "EAS",
    "EAS",
    "EAS",
    "EAS",
    "EAS",
    "EAS"
  ],
  "TypeEnd": [
    "EAS",
    "EAS",
    "EAS",
    "EAS",
    "EAS",
    "EAS",
    "EAS",
    "EAS",
    "EAS",
    "EAS",
    "EAS"
  ]
}
